"Population by region, age and year"

"region","age","2019"
"01 Stockholm county","0 years",28474
"01 Stockholm county","1 year",29033
"01 Stockholm county","2 years",29268
"01 Stockholm county","3 years",30116
"01 Stockholm county","4 years",29822
"01 Stockholm county","5 years",30181
"01 Stockholm county","6 years",29885
"01 Stockholm county","7 years",29592
"01 Stockholm county","8 years",29509
"01 Stockholm county","9 years",30741
"01 Stockholm county","10 years",29678
"01 Stockholm county","11 years",29679
"01 Stockholm county","12 years",28956
"01 Stockholm county","13 years",28592
"01 Stockholm county","14 years",27572
"01 Stockholm county","15 years",27466
"01 Stockholm county","16 years",26691
"01 Stockholm county","17 years",26004
"01 Stockholm county","18 years",24996
"01 Stockholm county","19 years",24971
"01 Stockholm county","20 years",24777
"01 Stockholm county","21 years",23503
"01 Stockholm county","22 years",23922
"01 Stockholm county","23 years",25847
"01 Stockholm county","24 years",29107
"01 Stockholm county","25 years",32932
"01 Stockholm county","26 years",35058
"01 Stockholm county","27 years",37424
"01 Stockholm county","28 years",38843
"01 Stockholm county","29 years",40593
"01 Stockholm county","30 years",39756
"01 Stockholm county","31 years",39352
"01 Stockholm county","32 years",37755
"01 Stockholm county","33 years",37671
"01 Stockholm county","34 years",36645
"01 Stockholm county","35 years",36023
"01 Stockholm county","36 years",35033
"01 Stockholm county","37 years",35202
"01 Stockholm county","38 years",34688
"01 Stockholm county","39 years",35727
"01 Stockholm county","40 years",33739
"01 Stockholm county","41 years",32398
"01 Stockholm county","42 years",32153
"01 Stockholm county","43 years",32656
"01 Stockholm county","44 years",33106
"01 Stockholm county","45 years",34493
"01 Stockholm county","46 years",33879
"01 Stockholm county","47 years",34040
"01 Stockholm county","48 years",33291
"01 Stockholm county","49 years",31681
"01 Stockholm county","50 years",30363
"01 Stockholm county","51 years",31002
"01 Stockholm county","52 years",31613
"01 Stockholm county","53 years",32159
"01 Stockholm county","54 years",31947
"01 Stockholm county","55 years",32079
"01 Stockholm county","56 years",29219
"01 Stockholm county","57 years",27812
"01 Stockholm county","58 years",26197
"01 Stockholm county","59 years",25254
"01 Stockholm county","60 years",24444
"01 Stockholm county","61 years",24095
"01 Stockholm county","62 years",23849
"01 Stockholm county","63 years",23188
"01 Stockholm county","64 years",21965
"01 Stockholm county","65 years",21059
"01 Stockholm county","66 years",20796
"01 Stockholm county","67 years",20475
"01 Stockholm county","68 years",19591
"01 Stockholm county","69 years",20153
"01 Stockholm county","70 years",20192
"01 Stockholm county","71 years",20838
"01 Stockholm county","72 years",21244
"01 Stockholm county","73 years",20937
"01 Stockholm county","74 years",20714
"01 Stockholm county","75 years",20057
"01 Stockholm county","76 years",18140
"01 Stockholm county","77 years",16083
"01 Stockholm county","78 years",13705
"01 Stockholm county","79 years",12143
"01 Stockholm county","80 years",11466
"01 Stockholm county","81 years",10595
"01 Stockholm county","82 years",9284
"01 Stockholm county","83 years",8561
"01 Stockholm county","84 years",7513
"01 Stockholm county","85 years",6559
"01 Stockholm county","86 years",5921
"01 Stockholm county","87 years",5533
"01 Stockholm county","88 years",5022
"01 Stockholm county","89 years",4390
"01 Stockholm county","90 years",3682
"01 Stockholm county","91 years",3242
"01 Stockholm county","92 years",2664
"01 Stockholm county","93 years",2217
"01 Stockholm county","94 years",1874
"01 Stockholm county","95 years",1428
"01 Stockholm county","96 years",1094
"01 Stockholm county","97 years",723
"01 Stockholm county","98 years",565
"01 Stockholm county","99 years",391
"01 Stockholm county","100+ years",524
"03 Uppsala county","0 years",4324
"03 Uppsala county","1 year",4447
"03 Uppsala county","2 years",4484
"03 Uppsala county","3 years",4695
"03 Uppsala county","4 years",4826
"03 Uppsala county","5 years",4663
"03 Uppsala county","6 years",4532
"03 Uppsala county","7 years",4782
"03 Uppsala county","8 years",4547
"03 Uppsala county","9 years",4744
"03 Uppsala county","10 years",4541
"03 Uppsala county","11 years",4685
"03 Uppsala county","12 years",4458
"03 Uppsala county","13 years",4431
"03 Uppsala county","14 years",4306
"03 Uppsala county","15 years",4351
"03 Uppsala county","16 years",4219
"03 Uppsala county","17 years",4190
"03 Uppsala county","18 years",4066
"03 Uppsala county","19 years",4372
"03 Uppsala county","20 years",4968
"03 Uppsala county","21 years",5210
"03 Uppsala county","22 years",5356
"03 Uppsala county","23 years",5768
"03 Uppsala county","24 years",6168
"03 Uppsala county","25 years",6443
"03 Uppsala county","26 years",6202
"03 Uppsala county","27 years",6445
"03 Uppsala county","28 years",6454
"03 Uppsala county","29 years",6293
"03 Uppsala county","30 years",5834
"03 Uppsala county","31 years",5651
"03 Uppsala county","32 years",5434
"03 Uppsala county","33 years",5508
"03 Uppsala county","34 years",5334
"03 Uppsala county","35 years",4955
"03 Uppsala county","36 years",4828
"03 Uppsala county","37 years",4774
"03 Uppsala county","38 years",4501
"03 Uppsala county","39 years",4743
"03 Uppsala county","40 years",4573
"03 Uppsala county","41 years",4428
"03 Uppsala county","42 years",4540
"03 Uppsala county","43 years",4519
"03 Uppsala county","44 years",4805
"03 Uppsala county","45 years",4896
"03 Uppsala county","46 years",4734
"03 Uppsala county","47 years",4825
"03 Uppsala county","48 years",4835
"03 Uppsala county","49 years",4446
"03 Uppsala county","50 years",4528
"03 Uppsala county","51 years",4645
"03 Uppsala county","52 years",4768
"03 Uppsala county","53 years",4892
"03 Uppsala county","54 years",4778
"03 Uppsala county","55 years",4814
"03 Uppsala county","56 years",4547
"03 Uppsala county","57 years",4222
"03 Uppsala county","58 years",4086
"03 Uppsala county","59 years",3958
"03 Uppsala county","60 years",3996
"03 Uppsala county","61 years",4060
"03 Uppsala county","62 years",3992
"03 Uppsala county","63 years",4137
"03 Uppsala county","64 years",3861
"03 Uppsala county","65 years",3861
"03 Uppsala county","66 years",3809
"03 Uppsala county","67 years",3805
"03 Uppsala county","68 years",3667
"03 Uppsala county","69 years",3863
"03 Uppsala county","70 years",4037
"03 Uppsala county","71 years",4189
"03 Uppsala county","72 years",4063
"03 Uppsala county","73 years",3953
"03 Uppsala county","74 years",3919
"03 Uppsala county","75 years",3745
"03 Uppsala county","76 years",3318
"03 Uppsala county","77 years",2985
"03 Uppsala county","78 years",2392
"03 Uppsala county","79 years",2225
"03 Uppsala county","80 years",2162
"03 Uppsala county","81 years",1965
"03 Uppsala county","82 years",1768
"03 Uppsala county","83 years",1562
"03 Uppsala county","84 years",1393
"03 Uppsala county","85 years",1320
"03 Uppsala county","86 years",1199
"03 Uppsala county","87 years",1038
"03 Uppsala county","88 years",944
"03 Uppsala county","89 years",824
"03 Uppsala county","90 years",684
"03 Uppsala county","91 years",603
"03 Uppsala county","92 years",478
"03 Uppsala county","93 years",394
"03 Uppsala county","94 years",341
"03 Uppsala county","95 years",247
"03 Uppsala county","96 years",171
"03 Uppsala county","97 years",138
"03 Uppsala county","98 years",112
"03 Uppsala county","99 years",47
"03 Uppsala county","100+ years",75
"04 Södermanland county","0 years",3217
"04 Södermanland county","1 year",3428
"04 Södermanland county","2 years",3630
"04 Södermanland county","3 years",3733
"04 Södermanland county","4 years",3599
"04 Södermanland county","5 years",3708
"04 Södermanland county","6 years",3637
"04 Södermanland county","7 years",3666
"04 Södermanland county","8 years",3577
"04 Södermanland county","9 years",3704
"04 Södermanland county","10 years",3646
"04 Södermanland county","11 years",3611
"04 Södermanland county","12 years",3724
"04 Södermanland county","13 years",3731
"04 Södermanland county","14 years",3623
"04 Södermanland county","15 years",3580
"04 Södermanland county","16 years",3589
"04 Södermanland county","17 years",3495
"04 Södermanland county","18 years",3457
"04 Södermanland county","19 years",3388
"04 Södermanland county","20 years",3224
"04 Södermanland county","21 years",2993
"04 Södermanland county","22 years",2843
"04 Södermanland county","23 years",2947
"04 Södermanland county","24 years",3170
"04 Södermanland county","25 years",3253
"04 Södermanland county","26 years",3551
"04 Södermanland county","27 years",3633
"04 Södermanland county","28 years",3807
"04 Södermanland county","29 years",3876
"04 Södermanland county","30 years",3773
"04 Södermanland county","31 years",3696
"04 Södermanland county","32 years",3424
"04 Södermanland county","33 years",3512
"04 Södermanland county","34 years",3472
"04 Södermanland county","35 years",3478
"04 Södermanland county","36 years",3314
"04 Södermanland county","37 years",3292
"04 Södermanland county","38 years",3343
"04 Södermanland county","39 years",3457
"04 Södermanland county","40 years",3291
"04 Södermanland county","41 years",3401
"04 Södermanland county","42 years",3363
"04 Södermanland county","43 years",3307
"04 Södermanland county","44 years",3558
"04 Södermanland county","45 years",3786
"04 Södermanland county","46 years",3607
"04 Södermanland county","47 years",3797
"04 Södermanland county","48 years",3757
"04 Södermanland county","49 years",3722
"04 Södermanland county","50 years",3625
"04 Södermanland county","51 years",3856
"04 Södermanland county","52 years",4092
"04 Södermanland county","53 years",4043
"04 Södermanland county","54 years",4024
"04 Södermanland county","55 years",4051
"04 Södermanland county","56 years",3619
"04 Södermanland county","57 years",3657
"04 Södermanland county","58 years",3430
"04 Södermanland county","59 years",3458
"04 Södermanland county","60 years",3487
"04 Södermanland county","61 years",3450
"04 Södermanland county","62 years",3414
"04 Södermanland county","63 years",3482
"04 Södermanland county","64 years",3432
"04 Södermanland county","65 years",3249
"04 Södermanland county","66 years",3426
"04 Södermanland county","67 years",3451
"04 Södermanland county","68 years",3422
"04 Södermanland county","69 years",3530
"04 Södermanland county","70 years",3733
"04 Södermanland county","71 years",3777
"04 Södermanland county","72 years",3803
"04 Södermanland county","73 years",3757
"04 Södermanland county","74 years",3678
"04 Södermanland county","75 years",3669
"04 Södermanland county","76 years",3216
"04 Södermanland county","77 years",2843
"04 Södermanland county","78 years",2377
"04 Södermanland county","79 years",2218
"04 Södermanland county","80 years",2156
"04 Södermanland county","81 years",2003
"04 Södermanland county","82 years",1586
"04 Södermanland county","83 years",1668
"04 Södermanland county","84 years",1308
"04 Södermanland county","85 years",1255
"04 Södermanland county","86 years",1158
"04 Södermanland county","87 years",978
"04 Södermanland county","88 years",900
"04 Södermanland county","89 years",836
"04 Södermanland county","90 years",648
"04 Södermanland county","91 years",568
"04 Södermanland county","92 years",472
"04 Södermanland county","93 years",346
"04 Södermanland county","94 years",298
"04 Södermanland county","95 years",239
"04 Södermanland county","96 years",170
"04 Södermanland county","97 years",91
"04 Södermanland county","98 years",81
"04 Södermanland county","99 years",58
"04 Södermanland county","100+ years",62
"05 Östergötland county","0 years",5085
"05 Östergötland county","1 year",5161
"05 Östergötland county","2 years",5178
"05 Östergötland county","3 years",5592
"05 Östergötland county","4 years",5542
"05 Östergötland county","5 years",5524
"05 Östergötland county","6 years",5511
"05 Östergötland county","7 years",5600
"05 Östergötland county","8 years",5339
"05 Östergötland county","9 years",5598
"05 Östergötland county","10 years",5576
"05 Östergötland county","11 years",5464
"05 Östergötland county","12 years",5400
"05 Östergötland county","13 years",5401
"05 Östergötland county","14 years",5307
"05 Östergötland county","15 years",5239
"05 Östergötland county","16 years",5151
"05 Östergötland county","17 years",5074
"05 Östergötland county","18 years",4931
"05 Östergötland county","19 years",5445
"05 Östergötland county","20 years",5810
"05 Östergötland county","21 years",5851
"05 Östergötland county","22 years",5920
"05 Östergötland county","23 years",6353
"05 Östergötland county","24 years",6644
"05 Östergötland county","25 years",6855
"05 Östergötland county","26 years",6935
"05 Östergötland county","27 years",6867
"05 Östergötland county","28 years",7002
"05 Östergötland county","29 years",6941
"05 Östergötland county","30 years",6404
"05 Östergötland county","31 years",6435
"05 Östergötland county","32 years",6118
"05 Östergötland county","33 years",6055
"05 Östergötland county","34 years",5911
"05 Östergötland county","35 years",5358
"05 Östergötland county","36 years",5544
"05 Östergötland county","37 years",5329
"05 Östergötland county","38 years",5349
"05 Östergötland county","39 years",5605
"05 Östergötland county","40 years",5419
"05 Östergötland county","41 years",5383
"05 Östergötland county","42 years",5464
"05 Östergötland county","43 years",5484
"05 Östergötland county","44 years",5510
"05 Östergötland county","45 years",6025
"05 Östergötland county","46 years",5840
"05 Östergötland county","47 years",5824
"05 Östergötland county","48 years",5849
"05 Östergötland county","49 years",5789
"05 Östergötland county","50 years",5670
"05 Östergötland county","51 years",5760
"05 Östergötland county","52 years",6133
"05 Östergötland county","53 years",6316
"05 Östergötland county","54 years",6300
"05 Östergötland county","55 years",6094
"05 Östergötland county","56 years",5620
"05 Östergötland county","57 years",5338
"05 Östergötland county","58 years",5078
"05 Östergötland county","59 years",5205
"05 Östergötland county","60 years",5111
"05 Östergötland county","61 years",5210
"05 Östergötland county","62 years",5158
"05 Östergötland county","63 years",5040
"05 Östergötland county","64 years",4971
"05 Östergötland county","65 years",4814
"05 Östergötland county","66 years",5031
"05 Östergötland county","67 years",4910
"05 Östergötland county","68 years",4835
"05 Östergötland county","69 years",5103
"05 Östergötland county","70 years",5223
"05 Östergötland county","71 years",5150
"05 Östergötland county","72 years",5112
"05 Östergötland county","73 years",5257
"05 Östergötland county","74 years",4987
"05 Östergötland county","75 years",4797
"05 Östergötland county","76 years",4288
"05 Östergötland county","77 years",4018
"05 Östergötland county","78 years",3527
"05 Östergötland county","79 years",3181
"05 Östergötland county","80 years",3001
"05 Östergötland county","81 years",2786
"05 Östergötland county","82 years",2585
"05 Östergötland county","83 years",2293
"05 Östergötland county","84 years",2158
"05 Östergötland county","85 years",1811
"05 Östergötland county","86 years",1684
"05 Östergötland county","87 years",1556
"05 Östergötland county","88 years",1376
"05 Östergötland county","89 years",1199
"05 Östergötland county","90 years",1080
"05 Östergötland county","91 years",876
"05 Östergötland county","92 years",764
"05 Östergötland county","93 years",620
"05 Östergötland county","94 years",442
"05 Östergötland county","95 years",330
"05 Östergötland county","96 years",236
"05 Östergötland county","97 years",159
"05 Östergötland county","98 years",138
"05 Östergötland county","99 years",86
"05 Östergötland county","100+ years",87
"06 Jönköping county","0 years",4141
"06 Jönköping county","1 year",4292
"06 Jönköping county","2 years",4277
"06 Jönköping county","3 years",4503
"06 Jönköping county","4 years",4487
"06 Jönköping county","5 years",4542
"06 Jönköping county","6 years",4417
"06 Jönköping county","7 years",4534
"06 Jönköping county","8 years",4626
"06 Jönköping county","9 years",4630
"06 Jönköping county","10 years",4471
"06 Jönköping county","11 years",4495
"06 Jönköping county","12 years",4464
"06 Jönköping county","13 years",4408
"06 Jönköping county","14 years",4290
"06 Jönköping county","15 years",4354
"06 Jönköping county","16 years",4294
"06 Jönköping county","17 years",4308
"06 Jönköping county","18 years",4118
"06 Jönköping county","19 years",4135
"06 Jönköping county","20 years",4301
"06 Jönköping county","21 years",4258
"06 Jönköping county","22 years",4070
"06 Jönköping county","23 years",4361
"06 Jönköping county","24 years",4487
"06 Jönköping county","25 years",4775
"06 Jönköping county","26 years",4817
"06 Jönköping county","27 years",5153
"06 Jönköping county","28 years",5107
"06 Jönköping county","29 years",5048
"06 Jönköping county","30 years",4865
"06 Jönköping county","31 years",4902
"06 Jönköping county","32 years",4592
"06 Jönköping county","33 years",4584
"06 Jönköping county","34 years",4535
"06 Jönköping county","35 years",4272
"06 Jönköping county","36 years",4236
"06 Jönköping county","37 years",4204
"06 Jönköping county","38 years",4009
"06 Jönköping county","39 years",4230
"06 Jönköping county","40 years",4240
"06 Jönköping county","41 years",4128
"06 Jönköping county","42 years",4149
"06 Jönköping county","43 years",4234
"06 Jönköping county","44 years",4342
"06 Jönköping county","45 years",4436
"06 Jönköping county","46 years",4483
"06 Jönköping county","47 years",4538
"06 Jönköping county","48 years",4693
"06 Jönköping county","49 years",4608
"06 Jönköping county","50 years",4497
"06 Jönköping county","51 years",4830
"06 Jönköping county","52 years",4875
"06 Jönköping county","53 years",4856
"06 Jönköping county","54 years",4933
"06 Jönköping county","55 years",4645
"06 Jönköping county","56 years",4490
"06 Jönköping county","57 years",4259
"06 Jönköping county","58 years",4082
"06 Jönköping county","59 years",4056
"06 Jönköping county","60 years",4066
"06 Jönköping county","61 years",3994
"06 Jönköping county","62 years",4021
"06 Jönköping county","63 years",3998
"06 Jönköping county","64 years",3998
"06 Jönköping county","65 years",3889
"06 Jönköping county","66 years",3885
"06 Jönköping county","67 years",3827
"06 Jönköping county","68 years",3785
"06 Jönköping county","69 years",3793
"06 Jönköping county","70 years",3994
"06 Jönköping county","71 years",4094
"06 Jönköping county","72 years",4100
"06 Jönköping county","73 years",3946
"06 Jönköping county","74 years",3861
"06 Jönköping county","75 years",3735
"06 Jönköping county","76 years",3395
"06 Jönköping county","77 years",3148
"06 Jönköping county","78 years",2661
"06 Jönköping county","79 years",2532
"06 Jönköping county","80 years",2454
"06 Jönköping county","81 years",2286
"06 Jönköping county","82 years",1993
"06 Jönköping county","83 years",1861
"06 Jönköping county","84 years",1671
"06 Jönköping county","85 years",1553
"06 Jönköping county","86 years",1404
"06 Jönköping county","87 years",1326
"06 Jönköping county","88 years",1193
"06 Jönköping county","89 years",1061
"06 Jönköping county","90 years",891
"06 Jönköping county","91 years",779
"06 Jönköping county","92 years",586
"06 Jönköping county","93 years",499
"06 Jönköping county","94 years",399
"06 Jönköping county","95 years",281
"06 Jönköping county","96 years",223
"06 Jönköping county","97 years",143
"06 Jönköping county","98 years",124
"06 Jönköping county","99 years",89
"06 Jönköping county","100+ years",95
"07 Kronoberg county","0 years",2328
"07 Kronoberg county","1 year",2356
"07 Kronoberg county","2 years",2381
"07 Kronoberg county","3 years",2546
"07 Kronoberg county","4 years",2393
"07 Kronoberg county","5 years",2459
"07 Kronoberg county","6 years",2544
"07 Kronoberg county","7 years",2459
"07 Kronoberg county","8 years",2426
"07 Kronoberg county","9 years",2539
"07 Kronoberg county","10 years",2530
"07 Kronoberg county","11 years",2499
"07 Kronoberg county","12 years",2404
"07 Kronoberg county","13 years",2493
"07 Kronoberg county","14 years",2367
"07 Kronoberg county","15 years",2435
"07 Kronoberg county","16 years",2330
"07 Kronoberg county","17 years",2323
"07 Kronoberg county","18 years",2279
"07 Kronoberg county","19 years",2210
"07 Kronoberg county","20 years",2534
"07 Kronoberg county","21 years",2408
"07 Kronoberg county","22 years",2397
"07 Kronoberg county","23 years",2367
"07 Kronoberg county","24 years",2587
"07 Kronoberg county","25 years",2646
"07 Kronoberg county","26 years",2706
"07 Kronoberg county","27 years",2900
"07 Kronoberg county","28 years",2813
"07 Kronoberg county","29 years",2888
"07 Kronoberg county","30 years",2696
"07 Kronoberg county","31 years",2644
"07 Kronoberg county","32 years",2590
"07 Kronoberg county","33 years",2517
"07 Kronoberg county","34 years",2435
"07 Kronoberg county","35 years",2425
"07 Kronoberg county","36 years",2305
"07 Kronoberg county","37 years",2427
"07 Kronoberg county","38 years",2318
"07 Kronoberg county","39 years",2446
"07 Kronoberg county","40 years",2419
"07 Kronoberg county","41 years",2321
"07 Kronoberg county","42 years",2342
"07 Kronoberg county","43 years",2389
"07 Kronoberg county","44 years",2502
"07 Kronoberg county","45 years",2482
"07 Kronoberg county","46 years",2401
"07 Kronoberg county","47 years",2381
"07 Kronoberg county","48 years",2475
"07 Kronoberg county","49 years",2390
"07 Kronoberg county","50 years",2467
"07 Kronoberg county","51 years",2561
"07 Kronoberg county","52 years",2693
"07 Kronoberg county","53 years",2593
"07 Kronoberg county","54 years",2587
"07 Kronoberg county","55 years",2539
"07 Kronoberg county","56 years",2343
"07 Kronoberg county","57 years",2294
"07 Kronoberg county","58 years",2149
"07 Kronoberg county","59 years",2133
"07 Kronoberg county","60 years",2203
"07 Kronoberg county","61 years",2159
"07 Kronoberg county","62 years",2121
"07 Kronoberg county","63 years",2276
"07 Kronoberg county","64 years",2194
"07 Kronoberg county","65 years",2161
"07 Kronoberg county","66 years",2174
"07 Kronoberg county","67 years",2235
"07 Kronoberg county","68 years",2257
"07 Kronoberg county","69 years",2196
"07 Kronoberg county","70 years",2268
"07 Kronoberg county","71 years",2303
"07 Kronoberg county","72 years",2234
"07 Kronoberg county","73 years",2260
"07 Kronoberg county","74 years",2165
"07 Kronoberg county","75 years",2095
"07 Kronoberg county","76 years",1934
"07 Kronoberg county","77 years",1728
"07 Kronoberg county","78 years",1446
"07 Kronoberg county","79 years",1359
"07 Kronoberg county","80 years",1319
"07 Kronoberg county","81 years",1239
"07 Kronoberg county","82 years",1222
"07 Kronoberg county","83 years",1075
"07 Kronoberg county","84 years",938
"07 Kronoberg county","85 years",908
"07 Kronoberg county","86 years",802
"07 Kronoberg county","87 years",777
"07 Kronoberg county","88 years",675
"07 Kronoberg county","89 years",604
"07 Kronoberg county","90 years",480
"07 Kronoberg county","91 years",467
"07 Kronoberg county","92 years",338
"07 Kronoberg county","93 years",283
"07 Kronoberg county","94 years",229
"07 Kronoberg county","95 years",184
"07 Kronoberg county","96 years",103
"07 Kronoberg county","97 years",77
"07 Kronoberg county","98 years",68
"07 Kronoberg county","99 years",53
"07 Kronoberg county","100+ years",49
"08 Kalmar county","0 years",2430
"08 Kalmar county","1 year",2608
"08 Kalmar county","2 years",2640
"08 Kalmar county","3 years",2684
"08 Kalmar county","4 years",2774
"08 Kalmar county","5 years",2749
"08 Kalmar county","6 years",2721
"08 Kalmar county","7 years",2868
"08 Kalmar county","8 years",2677
"08 Kalmar county","9 years",2884
"08 Kalmar county","10 years",2746
"08 Kalmar county","11 years",2760
"08 Kalmar county","12 years",2767
"08 Kalmar county","13 years",2673
"08 Kalmar county","14 years",2652
"08 Kalmar county","15 years",2682
"08 Kalmar county","16 years",2633
"08 Kalmar county","17 years",2685
"08 Kalmar county","18 years",2613
"08 Kalmar county","19 years",2645
"08 Kalmar county","20 years",2603
"08 Kalmar county","21 years",2406
"08 Kalmar county","22 years",2366
"08 Kalmar county","23 years",2530
"08 Kalmar county","24 years",2641
"08 Kalmar county","25 years",2751
"08 Kalmar county","26 years",3065
"08 Kalmar county","27 years",3125
"08 Kalmar county","28 years",3146
"08 Kalmar county","29 years",3230
"08 Kalmar county","30 years",3017
"08 Kalmar county","31 years",2947
"08 Kalmar county","32 years",2809
"08 Kalmar county","33 years",2671
"08 Kalmar county","34 years",2712
"08 Kalmar county","35 years",2659
"08 Kalmar county","36 years",2568
"08 Kalmar county","37 years",2615
"08 Kalmar county","38 years",2603
"08 Kalmar county","39 years",2490
"08 Kalmar county","40 years",2642
"08 Kalmar county","41 years",2501
"08 Kalmar county","42 years",2644
"08 Kalmar county","43 years",2623
"08 Kalmar county","44 years",2790
"08 Kalmar county","45 years",2836
"08 Kalmar county","46 years",2985
"08 Kalmar county","47 years",2982
"08 Kalmar county","48 years",3010
"08 Kalmar county","49 years",3025
"08 Kalmar county","50 years",2981
"08 Kalmar county","51 years",3144
"08 Kalmar county","52 years",3321
"08 Kalmar county","53 years",3415
"08 Kalmar county","54 years",3377
"08 Kalmar county","55 years",3381
"08 Kalmar county","56 years",3225
"08 Kalmar county","57 years",3097
"08 Kalmar county","58 years",2938
"08 Kalmar county","59 years",2997
"08 Kalmar county","60 years",3033
"08 Kalmar county","61 years",2991
"08 Kalmar county","62 years",2963
"08 Kalmar county","63 years",3186
"08 Kalmar county","64 years",3173
"08 Kalmar county","65 years",3155
"08 Kalmar county","66 years",3084
"08 Kalmar county","67 years",3098
"08 Kalmar county","68 years",3170
"08 Kalmar county","69 years",3153
"08 Kalmar county","70 years",3258
"08 Kalmar county","71 years",3301
"08 Kalmar county","72 years",3361
"08 Kalmar county","73 years",3341
"08 Kalmar county","74 years",3213
"08 Kalmar county","75 years",3044
"08 Kalmar county","76 years",2814
"08 Kalmar county","77 years",2605
"08 Kalmar county","78 years",2206
"08 Kalmar county","79 years",2059
"08 Kalmar county","80 years",2036
"08 Kalmar county","81 years",1832
"08 Kalmar county","82 years",1615
"08 Kalmar county","83 years",1557
"08 Kalmar county","84 years",1391
"08 Kalmar county","85 years",1261
"08 Kalmar county","86 years",1115
"08 Kalmar county","87 years",997
"08 Kalmar county","88 years",929
"08 Kalmar county","89 years",774
"08 Kalmar county","90 years",625
"08 Kalmar county","91 years",583
"08 Kalmar county","92 years",445
"08 Kalmar county","93 years",376
"08 Kalmar county","94 years",286
"08 Kalmar county","95 years",195
"08 Kalmar county","96 years",179
"08 Kalmar county","97 years",100
"08 Kalmar county","98 years",62
"08 Kalmar county","99 years",52
"08 Kalmar county","100+ years",69
"09 Gotland county","0 years",516
"09 Gotland county","1 year",538
"09 Gotland county","2 years",595
"09 Gotland county","3 years",603
"09 Gotland county","4 years",558
"09 Gotland county","5 years",648
"09 Gotland county","6 years",619
"09 Gotland county","7 years",652
"09 Gotland county","8 years",657
"09 Gotland county","9 years",691
"09 Gotland county","10 years",697
"09 Gotland county","11 years",664
"09 Gotland county","12 years",583
"09 Gotland county","13 years",633
"09 Gotland county","14 years",643
"09 Gotland county","15 years",562
"09 Gotland county","16 years",605
"09 Gotland county","17 years",632
"09 Gotland county","18 years",591
"09 Gotland county","19 years",651
"09 Gotland county","20 years",725
"09 Gotland county","21 years",569
"09 Gotland county","22 years",654
"09 Gotland county","23 years",590
"09 Gotland county","24 years",645
"09 Gotland county","25 years",655
"09 Gotland county","26 years",707
"09 Gotland county","27 years",694
"09 Gotland county","28 years",662
"09 Gotland county","29 years",822
"09 Gotland county","30 years",696
"09 Gotland county","31 years",703
"09 Gotland county","32 years",614
"09 Gotland county","33 years",628
"09 Gotland county","34 years",608
"09 Gotland county","35 years",581
"09 Gotland county","36 years",624
"09 Gotland county","37 years",601
"09 Gotland county","38 years",622
"09 Gotland county","39 years",632
"09 Gotland county","40 years",638
"09 Gotland county","41 years",590
"09 Gotland county","42 years",640
"09 Gotland county","43 years",623
"09 Gotland county","44 years",682
"09 Gotland county","45 years",769
"09 Gotland county","46 years",712
"09 Gotland county","47 years",765
"09 Gotland county","48 years",748
"09 Gotland county","49 years",686
"09 Gotland county","50 years",718
"09 Gotland county","51 years",744
"09 Gotland county","52 years",871
"09 Gotland county","53 years",864
"09 Gotland county","54 years",855
"09 Gotland county","55 years",877
"09 Gotland county","56 years",820
"09 Gotland county","57 years",783
"09 Gotland county","58 years",771
"09 Gotland county","59 years",780
"09 Gotland county","60 years",750
"09 Gotland county","61 years",820
"09 Gotland county","62 years",808
"09 Gotland county","63 years",863
"09 Gotland county","64 years",860
"09 Gotland county","65 years",789
"09 Gotland county","66 years",827
"09 Gotland county","67 years",830
"09 Gotland county","68 years",781
"09 Gotland county","69 years",854
"09 Gotland county","70 years",823
"09 Gotland county","71 years",827
"09 Gotland county","72 years",816
"09 Gotland county","73 years",895
"09 Gotland county","74 years",852
"09 Gotland county","75 years",729
"09 Gotland county","76 years",738
"09 Gotland county","77 years",657
"09 Gotland county","78 years",534
"09 Gotland county","79 years",514
"09 Gotland county","80 years",505
"09 Gotland county","81 years",396
"09 Gotland county","82 years",389
"09 Gotland county","83 years",375
"09 Gotland county","84 years",323
"09 Gotland county","85 years",283
"09 Gotland county","86 years",284
"09 Gotland county","87 years",227
"09 Gotland county","88 years",219
"09 Gotland county","89 years",169
"09 Gotland county","90 years",130
"09 Gotland county","91 years",128
"09 Gotland county","92 years",117
"09 Gotland county","93 years",76
"09 Gotland county","94 years",53
"09 Gotland county","95 years",43
"09 Gotland county","96 years",31
"09 Gotland county","97 years",20
"09 Gotland county","98 years",17
"09 Gotland county","99 years",15
"09 Gotland county","100+ years",13
"10 Blekinge county","0 years",1546
"10 Blekinge county","1 year",1647
"10 Blekinge county","2 years",1657
"10 Blekinge county","3 years",1765
"10 Blekinge county","4 years",1736
"10 Blekinge county","5 years",1835
"10 Blekinge county","6 years",1771
"10 Blekinge county","7 years",1839
"10 Blekinge county","8 years",1870
"10 Blekinge county","9 years",1911
"10 Blekinge county","10 years",1900
"10 Blekinge county","11 years",1867
"10 Blekinge county","12 years",1876
"10 Blekinge county","13 years",1935
"10 Blekinge county","14 years",1902
"10 Blekinge county","15 years",1849
"10 Blekinge county","16 years",1827
"10 Blekinge county","17 years",1813
"10 Blekinge county","18 years",1670
"10 Blekinge county","19 years",1841
"10 Blekinge county","20 years",1764
"10 Blekinge county","21 years",1727
"10 Blekinge county","22 years",1673
"10 Blekinge county","23 years",1725
"10 Blekinge county","24 years",1795
"10 Blekinge county","25 years",1912
"10 Blekinge county","26 years",1923
"10 Blekinge county","27 years",1975
"10 Blekinge county","28 years",2089
"10 Blekinge county","29 years",2046
"10 Blekinge county","30 years",1884
"10 Blekinge county","31 years",1928
"10 Blekinge county","32 years",1869
"10 Blekinge county","33 years",1816
"10 Blekinge county","34 years",1793
"10 Blekinge county","35 years",1771
"10 Blekinge county","36 years",1754
"10 Blekinge county","37 years",1707
"10 Blekinge county","38 years",1697
"10 Blekinge county","39 years",1802
"10 Blekinge county","40 years",1788
"10 Blekinge county","41 years",1764
"10 Blekinge county","42 years",1833
"10 Blekinge county","43 years",1897
"10 Blekinge county","44 years",1904
"10 Blekinge county","45 years",1932
"10 Blekinge county","46 years",2023
"10 Blekinge county","47 years",1987
"10 Blekinge county","48 years",2028
"10 Blekinge county","49 years",2035
"10 Blekinge county","50 years",2028
"10 Blekinge county","51 years",2108
"10 Blekinge county","52 years",2156
"10 Blekinge county","53 years",2250
"10 Blekinge county","54 years",2239
"10 Blekinge county","55 years",2200
"10 Blekinge county","56 years",2002
"10 Blekinge county","57 years",1921
"10 Blekinge county","58 years",1822
"10 Blekinge county","59 years",1821
"10 Blekinge county","60 years",1830
"10 Blekinge county","61 years",1821
"10 Blekinge county","62 years",1848
"10 Blekinge county","63 years",1858
"10 Blekinge county","64 years",1837
"10 Blekinge county","65 years",1930
"10 Blekinge county","66 years",1745
"10 Blekinge county","67 years",1878
"10 Blekinge county","68 years",1894
"10 Blekinge county","69 years",1932
"10 Blekinge county","70 years",1970
"10 Blekinge county","71 years",1995
"10 Blekinge county","72 years",2003
"10 Blekinge county","73 years",2063
"10 Blekinge county","74 years",1982
"10 Blekinge county","75 years",1905
"10 Blekinge county","76 years",1800
"10 Blekinge county","77 years",1621
"10 Blekinge county","78 years",1346
"10 Blekinge county","79 years",1356
"10 Blekinge county","80 years",1278
"10 Blekinge county","81 years",1232
"10 Blekinge county","82 years",1116
"10 Blekinge county","83 years",1000
"10 Blekinge county","84 years",863
"10 Blekinge county","85 years",767
"10 Blekinge county","86 years",712
"10 Blekinge county","87 years",674
"10 Blekinge county","88 years",538
"10 Blekinge county","89 years",523
"10 Blekinge county","90 years",383
"10 Blekinge county","91 years",342
"10 Blekinge county","92 years",302
"10 Blekinge county","93 years",235
"10 Blekinge county","94 years",171
"10 Blekinge county","95 years",101
"10 Blekinge county","96 years",112
"10 Blekinge county","97 years",79
"10 Blekinge county","98 years",51
"10 Blekinge county","99 years",40
"10 Blekinge county","100+ years",28
"12 Skåne county","0 years",15889
"12 Skåne county","1 year",16257
"12 Skåne county","2 years",16451
"12 Skåne county","3 years",17180
"12 Skåne county","4 years",16791
"12 Skåne county","5 years",17278
"12 Skåne county","6 years",17065
"12 Skåne county","7 years",17226
"12 Skåne county","8 years",16989
"12 Skåne county","9 years",17523
"12 Skåne county","10 years",17242
"12 Skåne county","11 years",16784
"12 Skåne county","12 years",16414
"12 Skåne county","13 years",16353
"12 Skåne county","14 years",15761
"12 Skåne county","15 years",15471
"12 Skåne county","16 years",15394
"12 Skåne county","17 years",15095
"12 Skåne county","18 years",14647
"12 Skåne county","19 years",15019
"12 Skåne county","20 years",15478
"12 Skåne county","21 years",15270
"12 Skåne county","22 years",15350
"12 Skåne county","23 years",16196
"12 Skåne county","24 years",17496
"12 Skåne county","25 years",18140
"12 Skåne county","26 years",18809
"12 Skåne county","27 years",19615
"12 Skåne county","28 years",19852
"12 Skåne county","29 years",20484
"12 Skåne county","30 years",20027
"12 Skåne county","31 years",19666
"12 Skåne county","32 years",18886
"12 Skåne county","33 years",18771
"12 Skåne county","34 years",18329
"12 Skåne county","35 years",18169
"12 Skåne county","36 years",17785
"12 Skåne county","37 years",17730
"12 Skåne county","38 years",17655
"12 Skåne county","39 years",17732
"12 Skåne county","40 years",17993
"12 Skåne county","41 years",17269
"12 Skåne county","42 years",17354
"12 Skåne county","43 years",17411
"12 Skåne county","44 years",17915
"12 Skåne county","45 years",18094
"12 Skåne county","46 years",17724
"12 Skåne county","47 years",17697
"12 Skåne county","48 years",17813
"12 Skåne county","49 years",17421
"12 Skåne county","50 years",17055
"12 Skåne county","51 years",17591
"12 Skåne county","52 years",18369
"12 Skåne county","53 years",18226
"12 Skåne county","54 years",18066
"12 Skåne county","55 years",17897
"12 Skåne county","56 years",16897
"12 Skåne county","57 years",15936
"12 Skåne county","58 years",15410
"12 Skåne county","59 years",14985
"12 Skåne county","60 years",14863
"12 Skåne county","61 years",14548
"12 Skåne county","62 years",14624
"12 Skåne county","63 years",14373
"12 Skåne county","64 years",14368
"12 Skåne county","65 years",13943
"12 Skåne county","66 years",14249
"12 Skåne county","67 years",13984
"12 Skåne county","68 years",14007
"12 Skåne county","69 years",14340
"12 Skåne county","70 years",14397
"12 Skåne county","71 years",14519
"12 Skåne county","72 years",14565
"12 Skåne county","73 years",14358
"12 Skåne county","74 years",14048
"12 Skåne county","75 years",13677
"12 Skåne county","76 years",12684
"12 Skåne county","77 years",11450
"12 Skåne county","78 years",9605
"12 Skåne county","79 years",9020
"12 Skåne county","80 years",8416
"12 Skåne county","81 years",7999
"12 Skåne county","82 years",7246
"12 Skåne county","83 years",6583
"12 Skåne county","84 years",5729
"12 Skåne county","85 years",5147
"12 Skåne county","86 years",4636
"12 Skåne county","87 years",4276
"12 Skåne county","88 years",3848
"12 Skåne county","89 years",3488
"12 Skåne county","90 years",2868
"12 Skåne county","91 years",2479
"12 Skåne county","92 years",2019
"12 Skåne county","93 years",1629
"12 Skåne county","94 years",1267
"12 Skåne county","95 years",1017
"12 Skåne county","96 years",712
"12 Skåne county","97 years",544
"12 Skåne county","98 years",345
"12 Skåne county","99 years",258
"12 Skåne county","100+ years",307
"13 Halland county","0 years",3583
"13 Halland county","1 year",3681
"13 Halland county","2 years",3783
"13 Halland county","3 years",4071
"13 Halland county","4 years",3894
"13 Halland county","5 years",4064
"13 Halland county","6 years",4052
"13 Halland county","7 years",4085
"13 Halland county","8 years",4197
"13 Halland county","9 years",4448
"13 Halland county","10 years",4251
"13 Halland county","11 years",4145
"13 Halland county","12 years",4120
"13 Halland county","13 years",4218
"13 Halland county","14 years",4083
"13 Halland county","15 years",3949
"13 Halland county","16 years",4025
"13 Halland county","17 years",3911
"13 Halland county","18 years",3751
"13 Halland county","19 years",3696
"13 Halland county","20 years",3667
"13 Halland county","21 years",3528
"13 Halland county","22 years",3351
"13 Halland county","23 years",3398
"13 Halland county","24 years",3536
"13 Halland county","25 years",3778
"13 Halland county","26 years",4014
"13 Halland county","27 years",4101
"13 Halland county","28 years",4205
"13 Halland county","29 years",4316
"13 Halland county","30 years",4090
"13 Halland county","31 years",4033
"13 Halland county","32 years",3938
"13 Halland county","33 years",4011
"13 Halland county","34 years",3940
"13 Halland county","35 years",3859
"13 Halland county","36 years",3715
"13 Halland county","37 years",3825
"13 Halland county","38 years",3829
"13 Halland county","39 years",3845
"13 Halland county","40 years",3901
"13 Halland county","41 years",3850
"13 Halland county","42 years",3806
"13 Halland county","43 years",4021
"13 Halland county","44 years",4130
"13 Halland county","45 years",4361
"13 Halland county","46 years",4286
"13 Halland county","47 years",4425
"13 Halland county","48 years",4448
"13 Halland county","49 years",4335
"13 Halland county","50 years",4301
"13 Halland county","51 years",4456
"13 Halland county","52 years",4704
"13 Halland county","53 years",4551
"13 Halland county","54 years",4615
"13 Halland county","55 years",4502
"13 Halland county","56 years",4294
"13 Halland county","57 years",3980
"13 Halland county","58 years",3925
"13 Halland county","59 years",3862
"13 Halland county","60 years",3914
"13 Halland county","61 years",3888
"13 Halland county","62 years",3890
"13 Halland county","63 years",3773
"13 Halland county","64 years",3815
"13 Halland county","65 years",3604
"13 Halland county","66 years",3863
"13 Halland county","67 years",3685
"13 Halland county","68 years",3680
"13 Halland county","69 years",3769
"13 Halland county","70 years",3899
"13 Halland county","71 years",4005
"13 Halland county","72 years",3959
"13 Halland county","73 years",4013
"13 Halland county","74 years",3806
"13 Halland county","75 years",3667
"13 Halland county","76 years",3456
"13 Halland county","77 years",3080
"13 Halland county","78 years",2586
"13 Halland county","79 years",2435
"13 Halland county","80 years",2323
"13 Halland county","81 years",2118
"13 Halland county","82 years",1974
"13 Halland county","83 years",1819
"13 Halland county","84 years",1582
"13 Halland county","85 years",1455
"13 Halland county","86 years",1290
"13 Halland county","87 years",1162
"13 Halland county","88 years",1021
"13 Halland county","89 years",923
"13 Halland county","90 years",749
"13 Halland county","91 years",715
"13 Halland county","92 years",552
"13 Halland county","93 years",426
"13 Halland county","94 years",359
"13 Halland county","95 years",274
"13 Halland county","96 years",195
"13 Halland county","97 years",122
"13 Halland county","98 years",106
"13 Halland county","99 years",72
"13 Halland county","100+ years",85
"14 Västra Götaland county","0 years",19540
"14 Västra Götaland county","1 year",19983
"14 Västra Götaland county","2 years",20018
"14 Västra Götaland county","3 years",20859
"14 Västra Götaland county","4 years",20375
"14 Västra Götaland county","5 years",20631
"14 Västra Götaland county","6 years",20534
"14 Västra Götaland county","7 years",20695
"14 Västra Götaland county","8 years",20308
"14 Västra Götaland county","9 years",21477
"14 Västra Götaland county","10 years",20805
"14 Västra Götaland county","11 years",20310
"14 Västra Götaland county","12 years",20286
"14 Västra Götaland county","13 years",19910
"14 Västra Götaland county","14 years",19118
"14 Västra Götaland county","15 years",19175
"14 Västra Götaland county","16 years",18968
"14 Västra Götaland county","17 years",18470
"14 Västra Götaland county","18 years",18185
"14 Västra Götaland county","19 years",18576
"14 Västra Götaland county","20 years",19758
"14 Västra Götaland county","21 years",19483
"14 Västra Götaland county","22 years",18927
"14 Västra Götaland county","23 years",19894
"14 Västra Götaland county","24 years",21944
"14 Västra Götaland county","25 years",24035
"14 Västra Götaland county","26 years",25318
"14 Västra Götaland county","27 years",26387
"14 Västra Götaland county","28 years",27005
"14 Västra Götaland county","29 years",27521
"14 Västra Götaland county","30 years",25916
"14 Västra Götaland county","31 years",25865
"14 Västra Götaland county","32 years",24671
"14 Västra Götaland county","33 years",24070
"14 Västra Götaland county","34 years",23754
"14 Västra Götaland county","35 years",22758
"14 Västra Götaland county","36 years",21885
"14 Västra Götaland county","37 years",22106
"14 Västra Götaland county","38 years",21436
"14 Västra Götaland county","39 years",22145
"14 Västra Götaland county","40 years",21228
"14 Västra Götaland county","41 years",20632
"14 Västra Götaland county","42 years",20906
"14 Västra Götaland county","43 years",20687
"14 Västra Götaland county","44 years",21544
"14 Västra Götaland county","45 years",22415
"14 Västra Götaland county","46 years",21828
"14 Västra Götaland county","47 years",22172
"14 Västra Götaland county","48 years",21761
"14 Västra Götaland county","49 years",21544
"14 Västra Götaland county","50 years",21402
"14 Västra Götaland county","51 years",22222
"14 Västra Götaland county","52 years",23049
"14 Västra Götaland county","53 years",23282
"14 Västra Götaland county","54 years",23253
"14 Västra Götaland county","55 years",22904
"14 Västra Götaland county","56 years",21905
"14 Västra Götaland county","57 years",20019
"14 Västra Götaland county","58 years",19660
"14 Västra Götaland county","59 years",19190
"14 Västra Götaland county","60 years",19264
"14 Västra Götaland county","61 years",19113
"14 Västra Götaland county","62 years",19216
"14 Västra Götaland county","63 years",19104
"14 Västra Götaland county","64 years",18453
"14 Västra Götaland county","65 years",17864
"14 Västra Götaland county","66 years",18380
"14 Västra Götaland county","67 years",17761
"14 Västra Götaland county","68 years",17208
"14 Västra Götaland county","69 years",17756
"14 Västra Götaland county","70 years",18283
"14 Västra Götaland county","71 years",18673
"14 Västra Götaland county","72 years",18277
"14 Västra Götaland county","73 years",17734
"14 Västra Götaland county","74 years",17608
"14 Västra Götaland county","75 years",16498
"14 Västra Götaland county","76 years",15413
"14 Västra Götaland county","77 years",13835
"14 Västra Götaland county","78 years",11646
"14 Västra Götaland county","79 years",10951
"14 Västra Götaland county","80 years",10531
"14 Västra Götaland county","81 years",9720
"14 Västra Götaland county","82 years",8823
"14 Västra Götaland county","83 years",8033
"14 Västra Götaland county","84 years",7326
"14 Västra Götaland county","85 years",6506
"14 Västra Götaland county","86 years",5960
"14 Västra Götaland county","87 years",5576
"14 Västra Götaland county","88 years",4989
"14 Västra Götaland county","89 years",4386
"14 Västra Götaland county","90 years",3612
"14 Västra Götaland county","91 years",2965
"14 Västra Götaland county","92 years",2416
"14 Västra Götaland county","93 years",2021
"14 Västra Götaland county","94 years",1552
"14 Västra Götaland county","95 years",1219
"14 Västra Götaland county","96 years",800
"14 Västra Götaland county","97 years",627
"14 Västra Götaland county","98 years",441
"14 Västra Götaland county","99 years",290
"14 Västra Götaland county","100+ years",347
"17 Värmland county","0 years",2816
"17 Värmland county","1 year",2982
"17 Värmland county","2 years",3102
"17 Värmland county","3 years",3148
"17 Värmland county","4 years",3063
"17 Värmland county","5 years",3161
"17 Värmland county","6 years",3066
"17 Värmland county","7 years",3215
"17 Värmland county","8 years",3119
"17 Värmland county","9 years",3189
"17 Värmland county","10 years",3145
"17 Värmland county","11 years",2994
"17 Värmland county","12 years",3110
"17 Värmland county","13 years",3049
"17 Värmland county","14 years",3020
"17 Värmland county","15 years",2878
"17 Värmland county","16 years",2994
"17 Värmland county","17 years",2878
"17 Värmland county","18 years",2962
"17 Värmland county","19 years",3080
"17 Värmland county","20 years",3230
"17 Värmland county","21 years",3279
"17 Värmland county","22 years",3062
"17 Värmland county","23 years",3240
"17 Värmland county","24 years",3270
"17 Värmland county","25 years",3355
"17 Värmland county","26 years",3643
"17 Värmland county","27 years",3775
"17 Värmland county","28 years",3870
"17 Värmland county","29 years",3775
"17 Värmland county","30 years",3605
"17 Värmland county","31 years",3534
"17 Värmland county","32 years",3243
"17 Värmland county","33 years",3291
"17 Värmland county","34 years",3267
"17 Värmland county","35 years",3008
"17 Värmland county","36 years",3065
"17 Värmland county","37 years",2990
"17 Värmland county","38 years",3021
"17 Värmland county","39 years",3144
"17 Värmland county","40 years",2946
"17 Värmland county","41 years",2847
"17 Värmland county","42 years",3025
"17 Värmland county","43 years",3024
"17 Värmland county","44 years",3228
"17 Värmland county","45 years",3427
"17 Värmland county","46 years",3463
"17 Värmland county","47 years",3516
"17 Värmland county","48 years",3600
"17 Värmland county","49 years",3528
"17 Värmland county","50 years",3412
"17 Värmland county","51 years",3687
"17 Värmland county","52 years",3922
"17 Värmland county","53 years",3982
"17 Värmland county","54 years",4011
"17 Värmland county","55 years",3982
"17 Värmland county","56 years",3645
"17 Värmland county","57 years",3544
"17 Värmland county","58 years",3384
"17 Värmland county","59 years",3354
"17 Värmland county","60 years",3515
"17 Värmland county","61 years",3453
"17 Värmland county","62 years",3567
"17 Värmland county","63 years",3626
"17 Värmland county","64 years",3475
"17 Värmland county","65 years",3457
"17 Värmland county","66 years",3467
"17 Värmland county","67 years",3480
"17 Värmland county","68 years",3436
"17 Värmland county","69 years",3505
"17 Värmland county","70 years",3582
"17 Värmland county","71 years",3650
"17 Värmland county","72 years",3678
"17 Värmland county","73 years",3613
"17 Värmland county","74 years",3527
"17 Värmland county","75 years",3406
"17 Värmland county","76 years",3048
"17 Värmland county","77 years",2701
"17 Värmland county","78 years",2332
"17 Värmland county","79 years",2165
"17 Värmland county","80 years",2137
"17 Värmland county","81 years",2010
"17 Värmland county","82 years",1827
"17 Värmland county","83 years",1737
"17 Värmland county","84 years",1557
"17 Värmland county","85 years",1396
"17 Värmland county","86 years",1284
"17 Värmland county","87 years",1215
"17 Värmland county","88 years",1041
"17 Värmland county","89 years",955
"17 Värmland county","90 years",739
"17 Värmland county","91 years",682
"17 Värmland county","92 years",529
"17 Värmland county","93 years",411
"17 Värmland county","94 years",318
"17 Värmland county","95 years",236
"17 Värmland county","96 years",171
"17 Värmland county","97 years",125
"17 Värmland county","98 years",72
"17 Värmland county","99 years",61
"17 Värmland county","100+ years",63
"18 Örebro county","0 years",3344
"18 Örebro county","1 year",3522
"18 Örebro county","2 years",3488
"18 Örebro county","3 years",3553
"18 Örebro county","4 years",3579
"18 Örebro county","5 years",3660
"18 Örebro county","6 years",3626
"18 Örebro county","7 years",3687
"18 Örebro county","8 years",3706
"18 Örebro county","9 years",3782
"18 Örebro county","10 years",3746
"18 Örebro county","11 years",3685
"18 Örebro county","12 years",3630
"18 Örebro county","13 years",3458
"18 Örebro county","14 years",3360
"18 Örebro county","15 years",3298
"18 Örebro county","16 years",3393
"18 Örebro county","17 years",3337
"18 Örebro county","18 years",3333
"18 Örebro county","19 years",3596
"18 Örebro county","20 years",3775
"18 Örebro county","21 years",3972
"18 Örebro county","22 years",3956
"18 Örebro county","23 years",4018
"18 Örebro county","24 years",3978
"18 Örebro county","25 years",4138
"18 Örebro county","26 years",4283
"18 Örebro county","27 years",4229
"18 Örebro county","28 years",4360
"18 Örebro county","29 years",4341
"18 Örebro county","30 years",4088
"18 Örebro county","31 years",4080
"18 Örebro county","32 years",3825
"18 Örebro county","33 years",3798
"18 Örebro county","34 years",3736
"18 Örebro county","35 years",3534
"18 Örebro county","36 years",3551
"18 Örebro county","37 years",3451
"18 Örebro county","38 years",3353
"18 Örebro county","39 years",3797
"18 Örebro county","40 years",3505
"18 Örebro county","41 years",3323
"18 Örebro county","42 years",3552
"18 Örebro county","43 years",3408
"18 Örebro county","44 years",3506
"18 Örebro county","45 years",3907
"18 Örebro county","46 years",3769
"18 Örebro county","47 years",3889
"18 Örebro county","48 years",3904
"18 Örebro county","49 years",3871
"18 Örebro county","50 years",3727
"18 Örebro county","51 years",3850
"18 Örebro county","52 years",4081
"18 Örebro county","53 years",3963
"18 Örebro county","54 years",3939
"18 Örebro county","55 years",4041
"18 Örebro county","56 years",3470
"18 Örebro county","57 years",3626
"18 Örebro county","58 years",3422
"18 Örebro county","59 years",3392
"18 Örebro county","60 years",3336
"18 Örebro county","61 years",3225
"18 Örebro county","62 years",3389
"18 Örebro county","63 years",3386
"18 Örebro county","64 years",3404
"18 Örebro county","65 years",3224
"18 Örebro county","66 years",3382
"18 Örebro county","67 years",3390
"18 Örebro county","68 years",3189
"18 Örebro county","69 years",3540
"18 Örebro county","70 years",3447
"18 Örebro county","71 years",3600
"18 Örebro county","72 years",3584
"18 Örebro county","73 years",3588
"18 Örebro county","74 years",3584
"18 Örebro county","75 years",3449
"18 Örebro county","76 years",3145
"18 Örebro county","77 years",2733
"18 Örebro county","78 years",2458
"18 Örebro county","79 years",2326
"18 Örebro county","80 years",1992
"18 Örebro county","81 years",1893
"18 Örebro county","82 years",1594
"18 Örebro county","83 years",1447
"18 Örebro county","84 years",1335
"18 Örebro county","85 years",1143
"18 Örebro county","86 years",1032
"18 Örebro county","87 years",1002
"18 Örebro county","88 years",876
"18 Örebro county","89 years",789
"18 Örebro county","90 years",658
"18 Örebro county","91 years",539
"18 Örebro county","92 years",484
"18 Örebro county","93 years",388
"18 Örebro county","94 years",288
"18 Örebro county","95 years",242
"18 Örebro county","96 years",178
"18 Örebro county","97 years",125
"18 Örebro county","98 years",99
"18 Örebro county","99 years",50
"18 Örebro county","100+ years",81
"19 Västmanland county","0 years",3021
"19 Västmanland county","1 year",3157
"19 Västmanland county","2 years",3235
"19 Västmanland county","3 years",3266
"19 Västmanland county","4 years",3209
"19 Västmanland county","5 years",3250
"19 Västmanland county","6 years",3265
"19 Västmanland county","7 years",3304
"19 Västmanland county","8 years",3264
"19 Västmanland county","9 years",3409
"19 Västmanland county","10 years",3218
"19 Västmanland county","11 years",3212
"19 Västmanland county","12 years",3253
"19 Västmanland county","13 years",3197
"19 Västmanland county","14 years",3193
"19 Västmanland county","15 years",3151
"19 Västmanland county","16 years",3195
"19 Västmanland county","17 years",3088
"19 Västmanland county","18 years",3049
"19 Västmanland county","19 years",3088
"19 Västmanland county","20 years",3111
"19 Västmanland county","21 years",2960
"19 Västmanland county","22 years",2781
"19 Västmanland county","23 years",2906
"19 Västmanland county","24 years",3210
"19 Västmanland county","25 years",3619
"19 Västmanland county","26 years",3686
"19 Västmanland county","27 years",3805
"19 Västmanland county","28 years",3808
"19 Västmanland county","29 years",4024
"19 Västmanland county","30 years",3714
"19 Västmanland county","31 years",3648
"19 Västmanland county","32 years",3561
"19 Västmanland county","33 years",3451
"19 Västmanland county","34 years",3470
"19 Västmanland county","35 years",3203
"19 Västmanland county","36 years",3150
"19 Västmanland county","37 years",3189
"19 Västmanland county","38 years",3103
"19 Västmanland county","39 years",3221
"19 Västmanland county","40 years",3132
"19 Västmanland county","41 years",3081
"19 Västmanland county","42 years",3008
"19 Västmanland county","43 years",3199
"19 Västmanland county","44 years",3311
"19 Västmanland county","45 years",3368
"19 Västmanland county","46 years",3294
"19 Västmanland county","47 years",3628
"19 Västmanland county","48 years",3525
"19 Västmanland county","49 years",3430
"19 Västmanland county","50 years",3471
"19 Västmanland county","51 years",3733
"19 Västmanland county","52 years",3778
"19 Västmanland county","53 years",3812
"19 Västmanland county","54 years",3986
"19 Västmanland county","55 years",3818
"19 Västmanland county","56 years",3516
"19 Västmanland county","57 years",3370
"19 Västmanland county","58 years",3305
"19 Västmanland county","59 years",3152
"19 Västmanland county","60 years",3173
"19 Västmanland county","61 years",3102
"19 Västmanland county","62 years",3084
"19 Västmanland county","63 years",2927
"19 Västmanland county","64 years",3004
"19 Västmanland county","65 years",2946
"19 Västmanland county","66 years",2911
"19 Västmanland county","67 years",2990
"19 Västmanland county","68 years",2945
"19 Västmanland county","69 years",3129
"19 Västmanland county","70 years",3241
"19 Västmanland county","71 years",3315
"19 Västmanland county","72 years",3277
"19 Västmanland county","73 years",3326
"19 Västmanland county","74 years",3173
"19 Västmanland county","75 years",3140
"19 Västmanland county","76 years",2717
"19 Västmanland county","77 years",2433
"19 Västmanland county","78 years",2274
"19 Västmanland county","79 years",2052
"19 Västmanland county","80 years",2043
"19 Västmanland county","81 years",1846
"19 Västmanland county","82 years",1663
"19 Västmanland county","83 years",1433
"19 Västmanland county","84 years",1283
"19 Västmanland county","85 years",1125
"19 Västmanland county","86 years",1064
"19 Västmanland county","87 years",957
"19 Västmanland county","88 years",900
"19 Västmanland county","89 years",795
"19 Västmanland county","90 years",636
"19 Västmanland county","91 years",561
"19 Västmanland county","92 years",451
"19 Västmanland county","93 years",372
"19 Västmanland county","94 years",292
"19 Västmanland county","95 years",224
"19 Västmanland county","96 years",151
"19 Västmanland county","97 years",116
"19 Västmanland county","98 years",79
"19 Västmanland county","99 years",65
"19 Västmanland county","100+ years",69
"20 Dalarna county","0 years",2986
"20 Dalarna county","1 year",3116
"20 Dalarna county","2 years",3218
"20 Dalarna county","3 years",3316
"20 Dalarna county","4 years",3225
"20 Dalarna county","5 years",3300
"20 Dalarna county","6 years",3121
"20 Dalarna county","7 years",3357
"20 Dalarna county","8 years",3397
"20 Dalarna county","9 years",3358
"20 Dalarna county","10 years",3286
"20 Dalarna county","11 years",3438
"20 Dalarna county","12 years",3369
"20 Dalarna county","13 years",3271
"20 Dalarna county","14 years",3278
"20 Dalarna county","15 years",3260
"20 Dalarna county","16 years",3174
"20 Dalarna county","17 years",3132
"20 Dalarna county","18 years",3016
"20 Dalarna county","19 years",3086
"20 Dalarna county","20 years",3055
"20 Dalarna county","21 years",2738
"20 Dalarna county","22 years",2695
"20 Dalarna county","23 years",2881
"20 Dalarna county","24 years",2999
"20 Dalarna county","25 years",3185
"20 Dalarna county","26 years",3300
"20 Dalarna county","27 years",3578
"20 Dalarna county","28 years",3724
"20 Dalarna county","29 years",3816
"20 Dalarna county","30 years",3626
"20 Dalarna county","31 years",3523
"20 Dalarna county","32 years",3476
"20 Dalarna county","33 years",3417
"20 Dalarna county","34 years",3394
"20 Dalarna county","35 years",3153
"20 Dalarna county","36 years",3070
"20 Dalarna county","37 years",3092
"20 Dalarna county","38 years",3030
"20 Dalarna county","39 years",3214
"20 Dalarna county","40 years",3102
"20 Dalarna county","41 years",2969
"20 Dalarna county","42 years",3014
"20 Dalarna county","43 years",3210
"20 Dalarna county","44 years",3230
"20 Dalarna county","45 years",3467
"20 Dalarna county","46 years",3353
"20 Dalarna county","47 years",3531
"20 Dalarna county","48 years",3581
"20 Dalarna county","49 years",3410
"20 Dalarna county","50 years",3422
"20 Dalarna county","51 years",3616
"20 Dalarna county","52 years",3883
"20 Dalarna county","53 years",3861
"20 Dalarna county","54 years",3818
"20 Dalarna county","55 years",3975
"20 Dalarna county","56 years",3643
"20 Dalarna county","57 years",3567
"20 Dalarna county","58 years",3395
"20 Dalarna county","59 years",3535
"20 Dalarna county","60 years",3482
"20 Dalarna county","61 years",3563
"20 Dalarna county","62 years",3650
"20 Dalarna county","63 years",3660
"20 Dalarna county","64 years",3690
"20 Dalarna county","65 years",3624
"20 Dalarna county","66 years",3693
"20 Dalarna county","67 years",3625
"20 Dalarna county","68 years",3563
"20 Dalarna county","69 years",3744
"20 Dalarna county","70 years",3955
"20 Dalarna county","71 years",4084
"20 Dalarna county","72 years",3935
"20 Dalarna county","73 years",3893
"20 Dalarna county","74 years",3701
"20 Dalarna county","75 years",3706
"20 Dalarna county","76 years",3192
"20 Dalarna county","77 years",2902
"20 Dalarna county","78 years",2608
"20 Dalarna county","79 years",2212
"20 Dalarna county","80 years",2294
"20 Dalarna county","81 years",2058
"20 Dalarna county","82 years",1813
"20 Dalarna county","83 years",1642
"20 Dalarna county","84 years",1511
"20 Dalarna county","85 years",1356
"20 Dalarna county","86 years",1270
"20 Dalarna county","87 years",1124
"20 Dalarna county","88 years",1026
"20 Dalarna county","89 years",897
"20 Dalarna county","90 years",727
"20 Dalarna county","91 years",634
"20 Dalarna county","92 years",497
"20 Dalarna county","93 years",403
"20 Dalarna county","94 years",300
"20 Dalarna county","95 years",207
"20 Dalarna county","96 years",167
"20 Dalarna county","97 years",105
"20 Dalarna county","98 years",87
"20 Dalarna county","99 years",56
"20 Dalarna county","100+ years",58
"21 Gävleborg county","0 years",2905
"21 Gävleborg county","1 year",3204
"21 Gävleborg county","2 years",3057
"21 Gävleborg county","3 years",3102
"21 Gävleborg county","4 years",3144
"21 Gävleborg county","5 years",3113
"21 Gävleborg county","6 years",3183
"21 Gävleborg county","7 years",3303
"21 Gävleborg county","8 years",3218
"21 Gävleborg county","9 years",3310
"21 Gävleborg county","10 years",3268
"21 Gävleborg county","11 years",3165
"21 Gävleborg county","12 years",3272
"21 Gävleborg county","13 years",3355
"21 Gävleborg county","14 years",3205
"21 Gävleborg county","15 years",3331
"21 Gävleborg county","16 years",3284
"21 Gävleborg county","17 years",3216
"21 Gävleborg county","18 years",3094
"21 Gävleborg county","19 years",3151
"21 Gävleborg county","20 years",3074
"21 Gävleborg county","21 years",2998
"21 Gävleborg county","22 years",2826
"21 Gävleborg county","23 years",2914
"21 Gävleborg county","24 years",3066
"21 Gävleborg county","25 years",3313
"21 Gävleborg county","26 years",3482
"21 Gävleborg county","27 years",3710
"21 Gävleborg county","28 years",3879
"21 Gävleborg county","29 years",3754
"21 Gävleborg county","30 years",3731
"21 Gävleborg county","31 years",3561
"21 Gävleborg county","32 years",3357
"21 Gävleborg county","33 years",3317
"21 Gävleborg county","34 years",3206
"21 Gävleborg county","35 years",3122
"21 Gävleborg county","36 years",2988
"21 Gävleborg county","37 years",3036
"21 Gävleborg county","38 years",3029
"21 Gävleborg county","39 years",3086
"21 Gävleborg county","40 years",2976
"21 Gävleborg county","41 years",2872
"21 Gävleborg county","42 years",3025
"21 Gävleborg county","43 years",3090
"21 Gävleborg county","44 years",3370
"21 Gävleborg county","45 years",3550
"21 Gävleborg county","46 years",3575
"21 Gävleborg county","47 years",3693
"21 Gävleborg county","48 years",3689
"21 Gävleborg county","49 years",3597
"21 Gävleborg county","50 years",3534
"21 Gävleborg county","51 years",3721
"21 Gävleborg county","52 years",4094
"21 Gävleborg county","53 years",3997
"21 Gävleborg county","54 years",4041
"21 Gävleborg county","55 years",3996
"21 Gävleborg county","56 years",3654
"21 Gävleborg county","57 years",3688
"21 Gävleborg county","58 years",3510
"21 Gävleborg county","59 years",3538
"21 Gävleborg county","60 years",3540
"21 Gävleborg county","61 years",3419
"21 Gävleborg county","62 years",3541
"21 Gävleborg county","63 years",3601
"21 Gävleborg county","64 years",3548
"21 Gävleborg county","65 years",3580
"21 Gävleborg county","66 years",3636
"21 Gävleborg county","67 years",3515
"21 Gävleborg county","68 years",3452
"21 Gävleborg county","69 years",3617
"21 Gävleborg county","70 years",3810
"21 Gävleborg county","71 years",3894
"21 Gävleborg county","72 years",3866
"21 Gävleborg county","73 years",3956
"21 Gävleborg county","74 years",3815
"21 Gävleborg county","75 years",3703
"21 Gävleborg county","76 years",3112
"21 Gävleborg county","77 years",2822
"21 Gävleborg county","78 years",2598
"21 Gävleborg county","79 years",2162
"21 Gävleborg county","80 years",2156
"21 Gävleborg county","81 years",2058
"21 Gävleborg county","82 years",1859
"21 Gävleborg county","83 years",1660
"21 Gävleborg county","84 years",1551
"21 Gävleborg county","85 years",1299
"21 Gävleborg county","86 years",1161
"21 Gävleborg county","87 years",1077
"21 Gävleborg county","88 years",987
"21 Gävleborg county","89 years",839
"21 Gävleborg county","90 years",692
"21 Gävleborg county","91 years",575
"21 Gävleborg county","92 years",492
"21 Gävleborg county","93 years",370
"21 Gävleborg county","94 years",292
"21 Gävleborg county","95 years",200
"21 Gävleborg county","96 years",130
"21 Gävleborg county","97 years",102
"21 Gävleborg county","98 years",71
"21 Gävleborg county","99 years",47
"21 Gävleborg county","100+ years",38
"22 Västernorrland county","0 years",2469
"22 Västernorrland county","1 year",2611
"22 Västernorrland county","2 years",2547
"22 Västernorrland county","3 years",2728
"22 Västernorrland county","4 years",2700
"22 Västernorrland county","5 years",2653
"22 Västernorrland county","6 years",2623
"22 Västernorrland county","7 years",2683
"22 Västernorrland county","8 years",2731
"22 Västernorrland county","9 years",2877
"22 Västernorrland county","10 years",2818
"22 Västernorrland county","11 years",2928
"22 Västernorrland county","12 years",2820
"22 Västernorrland county","13 years",2831
"22 Västernorrland county","14 years",2787
"22 Västernorrland county","15 years",2948
"22 Västernorrland county","16 years",2852
"22 Västernorrland county","17 years",2805
"22 Västernorrland county","18 years",2703
"22 Västernorrland county","19 years",2595
"22 Västernorrland county","20 years",2635
"22 Västernorrland county","21 years",2305
"22 Västernorrland county","22 years",2315
"22 Västernorrland county","23 years",2295
"22 Västernorrland county","24 years",2477
"22 Västernorrland county","25 years",2703
"22 Västernorrland county","26 years",2769
"22 Västernorrland county","27 years",2959
"22 Västernorrland county","28 years",3157
"22 Västernorrland county","29 years",3174
"22 Västernorrland county","30 years",3105
"22 Västernorrland county","31 years",2970
"22 Västernorrland county","32 years",2862
"22 Västernorrland county","33 years",2750
"22 Västernorrland county","34 years",2797
"22 Västernorrland county","35 years",2664
"22 Västernorrland county","36 years",2555
"22 Västernorrland county","37 years",2643
"22 Västernorrland county","38 years",2594
"22 Västernorrland county","39 years",2823
"22 Västernorrland county","40 years",2703
"22 Västernorrland county","41 years",2676
"22 Västernorrland county","42 years",2817
"22 Västernorrland county","43 years",2747
"22 Västernorrland county","44 years",2943
"22 Västernorrland county","45 years",3063
"22 Västernorrland county","46 years",3050
"22 Västernorrland county","47 years",3105
"22 Västernorrland county","48 years",3099
"22 Västernorrland county","49 years",3140
"22 Västernorrland county","50 years",3124
"22 Västernorrland county","51 years",3221
"22 Västernorrland county","52 years",3498
"22 Västernorrland county","53 years",3470
"22 Västernorrland county","54 years",3452
"22 Västernorrland county","55 years",3368
"22 Västernorrland county","56 years",3149
"22 Västernorrland county","57 years",2926
"22 Västernorrland county","58 years",2854
"22 Västernorrland county","59 years",2904
"22 Västernorrland county","60 years",2982
"22 Västernorrland county","61 years",3013
"22 Västernorrland county","62 years",3204
"22 Västernorrland county","63 years",3140
"22 Västernorrland county","64 years",3008
"22 Västernorrland county","65 years",3061
"22 Västernorrland county","66 years",3066
"22 Västernorrland county","67 years",3118
"22 Västernorrland county","68 years",2940
"22 Västernorrland county","69 years",3071
"22 Västernorrland county","70 years",3267
"22 Västernorrland county","71 years",3220
"22 Västernorrland county","72 years",3174
"22 Västernorrland county","73 years",3381
"22 Västernorrland county","74 years",3175
"22 Västernorrland county","75 years",2986
"22 Västernorrland county","76 years",2814
"22 Västernorrland county","77 years",2412
"22 Västernorrland county","78 years",2167
"22 Västernorrland county","79 years",1972
"22 Västernorrland county","80 years",1985
"22 Västernorrland county","81 years",1765
"22 Västernorrland county","82 years",1672
"22 Västernorrland county","83 years",1439
"22 Västernorrland county","84 years",1269
"22 Västernorrland county","85 years",1232
"22 Västernorrland county","86 years",1102
"22 Västernorrland county","87 years",1006
"22 Västernorrland county","88 years",827
"22 Västernorrland county","89 years",756
"22 Västernorrland county","90 years",626
"22 Västernorrland county","91 years",505
"22 Västernorrland county","92 years",407
"22 Västernorrland county","93 years",296
"22 Västernorrland county","94 years",204
"22 Västernorrland county","95 years",192
"22 Västernorrland county","96 years",106
"22 Västernorrland county","97 years",72
"22 Västernorrland county","98 years",50
"22 Västernorrland county","99 years",41
"22 Västernorrland county","100+ years",54
"23 Jämtland county","0 years",1367
"23 Jämtland county","1 year",1426
"23 Jämtland county","2 years",1508
"23 Jämtland county","3 years",1446
"23 Jämtland county","4 years",1503
"23 Jämtland county","5 years",1474
"23 Jämtland county","6 years",1420
"23 Jämtland county","7 years",1432
"23 Jämtland county","8 years",1518
"23 Jämtland county","9 years",1590
"23 Jämtland county","10 years",1500
"23 Jämtland county","11 years",1533
"23 Jämtland county","12 years",1507
"23 Jämtland county","13 years",1504
"23 Jämtland county","14 years",1444
"23 Jämtland county","15 years",1476
"23 Jämtland county","16 years",1437
"23 Jämtland county","17 years",1367
"23 Jämtland county","18 years",1340
"23 Jämtland county","19 years",1339
"23 Jämtland county","20 years",1450
"23 Jämtland county","21 years",1314
"23 Jämtland county","22 years",1357
"23 Jämtland county","23 years",1310
"23 Jämtland county","24 years",1473
"23 Jämtland county","25 years",1524
"23 Jämtland county","26 years",1668
"23 Jämtland county","27 years",1713
"23 Jämtland county","28 years",1760
"23 Jämtland county","29 years",1877
"23 Jämtland county","30 years",1724
"23 Jämtland county","31 years",1696
"23 Jämtland county","32 years",1566
"23 Jämtland county","33 years",1626
"23 Jämtland county","34 years",1556
"23 Jämtland county","35 years",1530
"23 Jämtland county","36 years",1428
"23 Jämtland county","37 years",1445
"23 Jämtland county","38 years",1442
"23 Jämtland county","39 years",1440
"23 Jämtland county","40 years",1479
"23 Jämtland county","41 years",1438
"23 Jämtland county","42 years",1413
"23 Jämtland county","43 years",1435
"23 Jämtland county","44 years",1537
"23 Jämtland county","45 years",1706
"23 Jämtland county","46 years",1570
"23 Jämtland county","47 years",1611
"23 Jämtland county","48 years",1614
"23 Jämtland county","49 years",1521
"23 Jämtland county","50 years",1488
"23 Jämtland county","51 years",1601
"23 Jämtland county","52 years",1776
"23 Jämtland county","53 years",1803
"23 Jämtland county","54 years",1808
"23 Jämtland county","55 years",1821
"23 Jämtland county","56 years",1635
"23 Jämtland county","57 years",1569
"23 Jämtland county","58 years",1513
"23 Jämtland county","59 years",1529
"23 Jämtland county","60 years",1605
"23 Jämtland county","61 years",1599
"23 Jämtland county","62 years",1642
"23 Jämtland county","63 years",1656
"23 Jämtland county","64 years",1647
"23 Jämtland county","65 years",1692
"23 Jämtland county","66 years",1625
"23 Jämtland county","67 years",1643
"23 Jämtland county","68 years",1516
"23 Jämtland county","69 years",1643
"23 Jämtland county","70 years",1666
"23 Jämtland county","71 years",1835
"23 Jämtland county","72 years",1712
"23 Jämtland county","73 years",1714
"23 Jämtland county","74 years",1629
"23 Jämtland county","75 years",1529
"23 Jämtland county","76 years",1428
"23 Jämtland county","77 years",1250
"23 Jämtland county","78 years",1048
"23 Jämtland county","79 years",950
"23 Jämtland county","80 years",1013
"23 Jämtland county","81 years",844
"23 Jämtland county","82 years",793
"23 Jämtland county","83 years",716
"23 Jämtland county","84 years",683
"23 Jämtland county","85 years",596
"23 Jämtland county","86 years",482
"23 Jämtland county","87 years",523
"23 Jämtland county","88 years",448
"23 Jämtland county","89 years",387
"23 Jämtland county","90 years",324
"23 Jämtland county","91 years",236
"23 Jämtland county","92 years",217
"23 Jämtland county","93 years",183
"23 Jämtland county","94 years",116
"23 Jämtland county","95 years",101
"23 Jämtland county","96 years",92
"23 Jämtland county","97 years",48
"23 Jämtland county","98 years",35
"23 Jämtland county","99 years",18
"23 Jämtland county","100+ years",29
"24 Västerbotten county","0 years",2952
"24 Västerbotten county","1 year",2947
"24 Västerbotten county","2 years",3027
"24 Västerbotten county","3 years",3168
"24 Västerbotten county","4 years",3052
"24 Västerbotten county","5 years",3027
"24 Västerbotten county","6 years",3125
"24 Västerbotten county","7 years",3061
"24 Västerbotten county","8 years",3133
"24 Västerbotten county","9 years",3122
"24 Västerbotten county","10 years",3209
"24 Västerbotten county","11 years",3121
"24 Västerbotten county","12 years",2925
"24 Västerbotten county","13 years",3057
"24 Västerbotten county","14 years",2889
"24 Västerbotten county","15 years",2836
"24 Västerbotten county","16 years",2882
"24 Västerbotten county","17 years",2862
"24 Västerbotten county","18 years",2849
"24 Västerbotten county","19 years",3135
"24 Västerbotten county","20 years",3581
"24 Västerbotten county","21 years",3553
"24 Västerbotten county","22 years",3678
"24 Västerbotten county","23 years",3817
"24 Västerbotten county","24 years",3841
"24 Västerbotten county","25 years",4097
"24 Västerbotten county","26 years",4158
"24 Västerbotten county","27 years",4201
"24 Västerbotten county","28 years",4376
"24 Västerbotten county","29 years",4108
"24 Västerbotten county","30 years",3968
"24 Västerbotten county","31 years",3785
"24 Västerbotten county","32 years",3507
"24 Västerbotten county","33 years",3479
"24 Västerbotten county","34 years",3438
"24 Västerbotten county","35 years",3345
"24 Västerbotten county","36 years",3311
"24 Västerbotten county","37 years",3243
"24 Västerbotten county","38 years",3238
"24 Västerbotten county","39 years",3244
"24 Västerbotten county","40 years",3162
"24 Västerbotten county","41 years",3014
"24 Västerbotten county","42 years",3181
"24 Västerbotten county","43 years",3036
"24 Västerbotten county","44 years",3213
"24 Västerbotten county","45 years",3289
"24 Västerbotten county","46 years",3151
"24 Västerbotten county","47 years",3215
"24 Västerbotten county","48 years",3133
"24 Västerbotten county","49 years",3125
"24 Västerbotten county","50 years",3114
"24 Västerbotten county","51 years",3294
"24 Västerbotten county","52 years",3402
"24 Västerbotten county","53 years",3461
"24 Västerbotten county","54 years",3410
"24 Västerbotten county","55 years",3336
"24 Västerbotten county","56 years",3171
"24 Västerbotten county","57 years",2978
"24 Västerbotten county","58 years",2986
"24 Västerbotten county","59 years",3090
"24 Västerbotten county","60 years",3120
"24 Västerbotten county","61 years",3188
"24 Västerbotten county","62 years",3196
"24 Västerbotten county","63 years",3239
"24 Västerbotten county","64 years",3253
"24 Västerbotten county","65 years",3000
"24 Västerbotten county","66 years",3154
"24 Västerbotten county","67 years",3096
"24 Västerbotten county","68 years",3036
"24 Västerbotten county","69 years",3105
"24 Västerbotten county","70 years",3185
"24 Västerbotten county","71 years",3222
"24 Västerbotten county","72 years",3054
"24 Västerbotten county","73 years",3064
"24 Västerbotten county","74 years",3072
"24 Västerbotten county","75 years",2686
"24 Västerbotten county","76 years",2582
"24 Västerbotten county","77 years",2278
"24 Västerbotten county","78 years",2021
"24 Västerbotten county","79 years",1893
"24 Västerbotten county","80 years",1920
"24 Västerbotten county","81 years",1719
"24 Västerbotten county","82 years",1548
"24 Västerbotten county","83 years",1450
"24 Västerbotten county","84 years",1270
"24 Västerbotten county","85 years",1205
"24 Västerbotten county","86 years",992
"24 Västerbotten county","87 years",972
"24 Västerbotten county","88 years",821
"24 Västerbotten county","89 years",675
"24 Västerbotten county","90 years",608
"24 Västerbotten county","91 years",519
"24 Västerbotten county","92 years",403
"24 Västerbotten county","93 years",314
"24 Västerbotten county","94 years",238
"24 Västerbotten county","95 years",194
"24 Västerbotten county","96 years",117
"24 Västerbotten county","97 years",71
"24 Västerbotten county","98 years",64
"24 Västerbotten county","99 years",38
"24 Västerbotten county","100+ years",46
"25 Norrbotten county","0 years",2450
"25 Norrbotten county","1 year",2380
"25 Norrbotten county","2 years",2486
"25 Norrbotten county","3 years",2607
"25 Norrbotten county","4 years",2576
"25 Norrbotten county","5 years",2649
"25 Norrbotten county","6 years",2618
"25 Norrbotten county","7 years",2501
"25 Norrbotten county","8 years",2663
"25 Norrbotten county","9 years",2641
"25 Norrbotten county","10 years",2624
"25 Norrbotten county","11 years",2615
"25 Norrbotten county","12 years",2567
"25 Norrbotten county","13 years",2699
"25 Norrbotten county","14 years",2564
"25 Norrbotten county","15 years",2653
"25 Norrbotten county","16 years",2586
"25 Norrbotten county","17 years",2535
"25 Norrbotten county","18 years",2676
"25 Norrbotten county","19 years",2877
"25 Norrbotten county","20 years",3095
"25 Norrbotten county","21 years",2805
"25 Norrbotten county","22 years",2796
"25 Norrbotten county","23 years",2824
"25 Norrbotten county","24 years",2944
"25 Norrbotten county","25 years",3086
"25 Norrbotten county","26 years",3139
"25 Norrbotten county","27 years",3334
"25 Norrbotten county","28 years",3438
"25 Norrbotten county","29 years",3361
"25 Norrbotten county","30 years",3343
"25 Norrbotten county","31 years",3260
"25 Norrbotten county","32 years",3069
"25 Norrbotten county","33 years",2916
"25 Norrbotten county","34 years",2793
"25 Norrbotten county","35 years",2674
"25 Norrbotten county","36 years",2667
"25 Norrbotten county","37 years",2708
"25 Norrbotten county","38 years",2677
"25 Norrbotten county","39 years",2712
"25 Norrbotten county","40 years",2563
"25 Norrbotten county","41 years",2520
"25 Norrbotten county","42 years",2516
"25 Norrbotten county","43 years",2676
"25 Norrbotten county","44 years",2872
"25 Norrbotten county","45 years",2970
"25 Norrbotten county","46 years",2951
"25 Norrbotten county","47 years",3115
"25 Norrbotten county","48 years",3074
"25 Norrbotten county","49 years",3175
"25 Norrbotten county","50 years",3066
"25 Norrbotten county","51 years",3252
"25 Norrbotten county","52 years",3535
"25 Norrbotten county","53 years",3473
"25 Norrbotten county","54 years",3547
"25 Norrbotten county","55 years",3484
"25 Norrbotten county","56 years",3235
"25 Norrbotten county","57 years",3177
"25 Norrbotten county","58 years",3123
"25 Norrbotten county","59 years",3209
"25 Norrbotten county","60 years",3300
"25 Norrbotten county","61 years",3248
"25 Norrbotten county","62 years",3261
"25 Norrbotten county","63 years",3328
"25 Norrbotten county","64 years",3182
"25 Norrbotten county","65 years",3193
"25 Norrbotten county","66 years",3307
"25 Norrbotten county","67 years",3131
"25 Norrbotten county","68 years",3135
"25 Norrbotten county","69 years",3211
"25 Norrbotten county","70 years",3292
"25 Norrbotten county","71 years",3413
"25 Norrbotten county","72 years",3324
"25 Norrbotten county","73 years",3261
"25 Norrbotten county","74 years",3029
"25 Norrbotten county","75 years",2854
"25 Norrbotten county","76 years",2698
"25 Norrbotten county","77 years",2409
"25 Norrbotten county","78 years",2230
"25 Norrbotten county","79 years",2104
"25 Norrbotten county","80 years",2115
"25 Norrbotten county","81 years",1760
"25 Norrbotten county","82 years",1659
"25 Norrbotten county","83 years",1599
"25 Norrbotten county","84 years",1431
"25 Norrbotten county","85 years",1309
"25 Norrbotten county","86 years",1094
"25 Norrbotten county","87 years",1053
"25 Norrbotten county","88 years",850
"25 Norrbotten county","89 years",748
"25 Norrbotten county","90 years",608
"25 Norrbotten county","91 years",533
"25 Norrbotten county","92 years",373
"25 Norrbotten county","93 years",260
"25 Norrbotten county","94 years",219
"25 Norrbotten county","95 years",163
"25 Norrbotten county","96 years",103
"25 Norrbotten county","97 years",68
"25 Norrbotten county","98 years",42
"25 Norrbotten county","99 years",27
"25 Norrbotten county","100+ years",28
